word,品詞,意味,頻出度,example_en,example_ja
accept,動詞,受け入れる,A,I decided to accept his offer.,私は彼の申し出を受けることにした。
achieve,動詞,達成する,A,She worked hard to achieve her goal.,彼女は目標を達成するために懸命に働いた。
act,動詞,行動する,A,We must act quickly to save the earth.,地球を救うために素早く行動しなければならない。
add,動詞,加える,A,Please add some salt to the soup.,スープに塩を少し加えてください。
admit,動詞,認める,A,He finally admitted his mistake.,彼はついに自分の間違いを認めた。
advertise,動詞,宣伝する,A,They are advertising the new game on TV.,彼らはテレビで新しいゲームを宣伝している。
advise,動詞,助言する,A,The doctor advised me to exercise.,医者は私に運動するように助言した。
agree,動詞,同意する,A,I agree with your idea.,私はあなたの考えに同意します。
allow,動詞,許可する,A,My parents allowed me to study abroad.,両親は私が留学することを許してくれた。
announce,動詞,発表する,A,The school announced the holiday today.,学校は今日、休日を発表した。
apologize,動詞,謝る,A,You should apologize for being late.,君は遅刻したことを謝るべきだ。
appear,動詞,現れる,A,A famous actor appeared on the news.,有名な俳優がニュースに現れた（出た）。
appreciate,動詞,感謝する,A,I really appreciate your kindness.,あなたの親切に本当に感謝しています。
approach,動詞,近づく,A,The train is approaching the station.,電車が駅に近づいている。
argue,動詞,議論する,A,Don't argue with your parents.,親と言い争いをしてはいけません。
arrange,動詞,手配する,A,I will arrange a taxi for you.,あなたのためにタクシーを手配しましょう。
attack,動詞,攻撃する,A,The bear attacked the campers.,クマがキャンプ客を襲った。
attend,動詞,出席する,A,He didn't attend the class yesterday.,彼は昨日、授業に出席しなかった。
attract,動詞,引きつける,A,This city attracts many tourists.,この都市は多くの観光客を惹きつける。
avoid,動詞,避ける,A,You should avoid eating too much sugar.,砂糖を摂りすぎるのは避けるべきだ。
award,動詞,授与する,A,He was awarded a gold medal.,彼は金メダルを授与された。
bake,動詞,焼く,A,My mother is baking bread now.,母は今、パンを焼いている。
balance,動詞,保つ,A,It's important to balance study and play.,勉強と遊びのバランスをとることが大切だ。
bear,動詞,耐える,A,I can't bear this hot weather.,この暑い天気には耐えられない。
beat,動詞,打ち負かす,A,Our team beat them in the game.,私たちのチームは試合で彼らを破った。
belong,動詞,所属する,A,I belong to the tennis club.,私はテニス部に所属している。
bite,動詞,かむ,A,The dog bit the mailman.,その犬は郵便配達員を噛んだ。
block,動詞,ふさぐ,A,The snow blocked the road.,雪が道をふさいだ。
blow,動詞,吹く,A,A strong wind began to blow.,強い風が吹き始めた。
borrow,動詞,借りる,A,Can I borrow your umbrella?,傘を借りてもいいですか。
bother,動詞,悩ませる,A,Stop bothering me!,私を困らせる（邪魔する）のはやめて！
breathe,動詞,呼吸する,A,It's difficult to breathe in this room.,この部屋では呼吸がしにくい。
broadcast,動詞,放送する,A,The game was broadcast live.,試合は生中継で放送された。
burn,動詞,燃える,A,The house was burning.,家が燃えていた。
cancel,動詞,取り消す,A,They had to cancel the trip.,彼らは旅行を中止しなければならなかった。
care,動詞,気にかける,A,She cares deeply about her students.,彼女は生徒たちのことをとても気にかけている。
carry,動詞,運ぶ,A,Can you help me carry this box?,この箱を運ぶのを手伝ってくれますか。
cause,動詞,引き起こす,A,Careless driving causes accidents.,不注意な運転が事故を引き起こす。
celebrate,動詞,祝う,A,We celebrated my sister's birthday.,私たちは妹の誕生日を祝った。
challenge,動詞,挑戦する,A,I want to challenge a new hobby.,新しい趣味に挑戦したい。
chat,動詞,おしゃべりする,A,I chatted with my friend online.,私はオンラインで友人と話した。
cheer,動詞,元気づける,A,This music always cheers me up.,この音楽はいつも私を元気づけてくれる。
choose,動詞,選ぶ,A,I don't know which dress to choose.,どのドレスを選べばいいかわからない。
clear,動詞,片づける,A,Please help me clear the table.,テーブルを片づけるのを手伝ってください。
climb,動詞,登る,A,They climbed Mt.,Fuji last summer. 彼らは昨夏の夏に富士山に登った。
collect,動詞,集める,A,My hobby is collecting old coins.,私の趣味は古い硬貨を集めることです。
comment,動詞,批評する,A,He refused to comment on the matter.,彼はその件についてコメントするのを拒んだ。
communicate,動詞,伝える,A,We communicate with each other by email.,私たちはメールで互いに連絡を取り合う。
compete,動詞,競う,A,Athletes compete for the gold medal.,選手たちは金メダルを競い合う。
complete,動詞,完成させる,A,I need to complete my homework.,私は宿題を終わらせる必要がある。
concentrate,動詞,集中する,A,I can't concentrate on my study here.,ここでは勉強に集中できない。
concern,動詞,心配させる,A,My parents are concerned about my health.,両親は私の健康を心配している。
confuse,動詞,混乱させる,A,Don't confuse these two words.,これら2つの単語を混同してはいけない。
connect,動詞,つなぐ,A,You can connect to the WiFi here.,ここでWiFiに接続できます。
consider,動詞,よく考える,A,We should consider the problem carefully.,その問題を慎重に考えるべきだ。
contact,動詞,連絡をとる,A,Please contact me if you need help.,助けが必要なら私に連絡してください。
contain,動詞,含む,A,This juice contains a lot of sugar.,このジュースは多くの砂糖を含んでいる。
continue,動詞,続ける,A,It continued to rain all day.,一日中雨が降り続いた。
cost,動詞,費用がかかる,A,"This watch cost 5,000 yen.","この時計は5,000円した。"
count,動詞,数える,A,Can you count the number of students?,生徒の数を数えられますか。
cover,動詞,覆う,A,The mountain was covered with snow.,山は雪で覆われていた。
create,動詞,創造する,A,I want to create something new.,私は何か新しいものを作りたい。
damage,動詞,損害を与える,A,The storm damaged many houses.,嵐が多くの家に損害を与えた。
debate,動詞,討論する,A,Students debated the new school rules.,生徒たちは新しい校則について討論した。
decide,動詞,決める,A,I decided to study English every day.,私は毎日英語を勉強することに決めた。
delay,動詞,遅らせる,A,The flight was delayed for two hours.,飛行機は2時間遅れた。
deliver,動詞,配達する,A,They deliver newspapers every morning.,彼らは毎朝新聞を配達している。
depend,動詞,頼る / 〜次第,A,Success depends on your effort.,成功は君の努力次第だ。
describe,動詞,描写する,A,Can you describe the man you saw?,あなたが見た男の特徴を説明できますか。
design,動詞,設計する,A,She designs beautiful jewelry.,彼女は美しい宝飾品をデザインしている。
destroy,動詞,破壊する,A,Many buildings were destroyed by the fire.,多くの建物が火事で破壊された。
develop,動詞,発達させる,A,The company developed a new technology.,その会社は新技術を開発した。
die,動詞,死ぬ,A,My grandfather died three years ago.,私の祖父は3年前に亡くなった。
disappear,動詞,消える,A,The sun disappeared behind the clouds.,太陽が雲の後ろに消えた。
disappoint,動詞,失望させる,A,The movie disappointed me.,その映画は私をがっかりさせた。
discover,動詞,発見する,A,Columbus discovered America.,コロンブスはアメリカを発見した。
discuss,動詞,話し合う,A,We need to discuss the plan.,私たちはその計画について話し合う必要がある。
divide,動詞,分ける,A,Please divide the cake into four.,ケーキを4つに分けてください。
drop,動詞,落とす,A,I accidentally dropped my phone.,うっかりスマホを落としてしまった。
earn,動詞,稼ぐ,A,He earns a lot of money as a doctor.,彼は医者としてたくさんのお金を稼いでいる。
encourage,動詞,勇気づける,A,My teacher encouraged me to study hard.,先生は一生懸命勉強するよう私を励ました。
enter,動詞,入る,A,You must not enter this room.,この部屋に入ってはいけません。
escape,動詞,逃げる,A,The bird escaped from the cage.,鳥がカゴから逃げた。
exist,動詞,存在する,A,I don't believe that ghosts exist.,私は幽霊が存在するとは信じていない。
expect,動詞,期待する,A,I expect that he will come soon.,彼はすぐに来るだろうと思う。
experience,動詞,経験する,A,I experienced many things in London.,私はロンドンで多くのことを経験した。
explain,動詞,説明する,A,Can you explain how to use this?,これの使い方を説明してくれますか。
express,動詞,表現する,A,It is hard to express my feelings.,自分の気持ちを表現するのは難しい。
face,動詞,直面する,A,We are facing a difficult situation.,私たちは難しい状況に直面している。
fail,動詞,失敗する,A,He failed the math test.,彼は数学のテストに落ちた。
feed,動詞,食べ物を与える,A,Don't forget to feed the dog.,犬に餌をやるのを忘れないで。
fight,動詞,戦う,A,They fought bravely in the war.,彼らは戦争で勇敢に戦った。
fill,動詞,満たす,A,Fill the glass with water.,グラスに水を注いでください。
follow,動詞,ついていく,A,Please follow me to the office.,事務所まで私についてきてください。
force,動詞,強いる,A,You can't force him to eat.,彼に無理やり食べさせることはできない。
gain,動詞,得る,A,I gained weight during the vacation.,私は休暇中に体重が増えた。
gather,動詞,集める,A,People gathered to see the parade.,パレードを見るために人々が集まった。
grow,動詞,育つ,A,My grandmother grows flowers.,祖母は花を育てている。
guess,動詞,推測する,A,Guess what I bought for you.,君に何を買ってきたか当ててみて。
happen,動詞,起こる,A,What happened to you?,何があったのですか。
harm,動詞,害する,A,Smoking harms your health.,喫煙は健康を害する。
hate,動詞,嫌う,A,I hate waking up early.,私は早起きが嫌いだ。
hide,動詞,隠す,A,She hid the present behind her back.,彼女はプレゼントを背中に隠した。
hire,動詞,雇う,A,They decided to hire a new teacher.,彼らは新しい先生を雇うことに決めた。
hold,動詞,持つ / 開催する,A,"Hold my bag for a moment, please.",私のカバンを少しの間持っていてください。
hurt,動詞,痛む / 傷つける,A,My head hurts a little.,頭が少し痛みます。
ignore,動詞,無視する,A,Don't ignore my questions.,私の質問を無視しないでください。
imagine,動詞,想像する,A,Can you imagine living on Mars?,火星に住むことを想像できますか。
improve,動詞,向上させる,A,I want to improve my English.,私は英語を上達させたい。
include,動詞,含む,A,The price includes breakfast.,価格には朝食が含まれている。
increase,動詞,増える,A,The number of students is increasing.,学生の数が増えている。
influence,動詞,影響を与える,A,Music can influence our feelings.,音楽は私たちの感情に影響を与える。
introduce,動詞,紹介する,A,Let me introduce myself.,自己紹介させてください。
invent,動詞,発明する,A,Who invented the telephone?,誰が電話を発明したのですか。
invite,動詞,招待する,A,I invited her to the party.,私は彼女をパーティーに招待した。
issue,動詞,発行する,A,The bank issued a new card.,銀行は新しいカードを発行した。
judge,動詞,判断する,A,Don't judge people by their clothes.,服装で人を判断してはいけない。
lack,動詞,欠いている,A,He lacks the confidence to speak.,彼は話す自信を欠いている。
lead,動詞,導く,A,She led the team to victory.,彼女はチームを勝利に導いた。
leave,動詞,去る / 残す,A,What time do you leave home?,あなたは何時に家を出ますか。
lend,動詞,貸す,A,Can you lend me some money?,お金を貸してくれますか。
let,動詞,〜させる,A,Please let me know the results.,結果を私に知らせてください。
lose,動詞,失う / 負ける,A,I lost my wallet yesterday.,昨日財布を失くしてしまった。
manage,動詞,管理する / 何とかやり遂げる,A,I managed to finish my work.,私は何とか仕事を終わらせた。
matter,動詞,重要である,A,It doesn't matter what you say.,君が何を言おうと関係ない。
mean,動詞,意味する,A,What does this word mean?,この単語はどういう意味ですか。
mention,動詞,述べる,A,He didn't mention the problem.,彼はその問題に言及しなかった。
miss,動詞,逃す / 寂しく思う,A,I missed the train this morning.,私は今朝、電車に乗り遅れた。
move,動詞,動く / 引っ越す,A,My family moved to Tokyo.,私の家族は東京に引っ越した。
notice,動詞,気づく,A,I didn't notice you were there.,あなたがそこにいるのに気づかなかった。
offer,動詞,提供する,A,He offered to help me.,彼は私を助けると言ってくれた。
order,動詞,注文する,A,I ordered pizza for dinner.,夕食にピザを注文した。
organize,動詞,組織する / 整理する,A,We organized a welcome party.,私たちは歓迎会を企画した。
overcome,動詞,克服する,A,She overcame many difficulties.,彼女は多くの困難を乗り越えた。
own,動詞,所有する,A,He owns a big house.,彼は大きな家を所有している。
pass,動詞,通る / 合格する,A,I hope I can pass the test.,テストに合格できるといいな。
pay,動詞,支払う,A,How much did you pay for it?,それにいくら払いましたか。
perform,動詞,行う / 演奏する,A,The band performed well.,そのバンドは上手に演奏した。
pick,動詞,選ぶ / 摘む,A,I will pick you up at the station.,駅まで迎えに行くよ。
plant,動詞,植える,A,We planted some flowers.,私たちは花を植えた。
practice,動詞,練習する,A,You should practice every day.,毎日練習すべきだ。
prepare,動詞,準備する,A,My mother is preparing dinner.,母は夕食の準備をしている。
prevent,動詞,防ぐ,A,We must prevent forest fires.,私たちは森林火災を防がなければならない。
produce,動詞,生産する,A,This factory produces cars.,この工場は車を生産している。
promise,動詞,約束する,A,I promise to call you later.,後で電話すると約束するよ。
protect,動詞,守る,A,We should protect wild animals.,私たちは野生動物を守るべきだ。
publish,動詞,出版する,A,He published his first book.,彼は最初の本を出版した。
raise,動詞,上げる / 育てる,A,Please raise your hand.,手を挙げてください。
reach,動詞,着く / 届く,A,We reached the top of the mountain.,私たちは山頂に到達した。
realize,動詞,悟る / 実現する,A,I didn't realize that it was late.,遅いということに気づかなかった。
receive,動詞,受け取る,A,I received an email from him.,私は彼からメールを受け取った。
recognize,動詞,認める / 識別する,A,I couldn't recognize him.,私は彼だとわからなかった。
recommend,動詞,勧める,A,My teacher recommended this book.,先生はこの本を勧めてくれた。
reduce,動詞,減らす,A,We should reduce plastic waste.,プラスチックゴミを減らすべきだ。
regret,動詞,後悔する,A,I regret buying this watch.,この時計を買ったことを後悔している。
remember,動詞,覚えている,A,I can't remember his name.,彼の名前を思い出せない。
remove,動詞,取り除く,A,Please remove your shoes here.,ここで靴を脱いでください。
reply,動詞,返事をする,A,She didn't reply to my letter.,彼女は私の手紙に返事をしなかった。
report,動詞,報告する,A,I have to report the accident.,事故を報告しなければならない。
require,動詞,必要とする,A,This job requires English skills.,この仕事は英語のスキルが必要だ。
save,動詞,救う / 貯める,A,He saved the child from the river.,彼は川からその子を救った。
seem,動詞,〜のように見える,A,You seem tired today.,今日は疲れているようだね。
serve,動詞,出す / 仕える,A,They serve good food here.,ここは良い食事を出す。
succeed,動詞,成功する,A,He succeeded in passing the test.,彼はテストに合格することに成功した。
suggest,動詞,提案する,A,I suggested going for a walk.,私は散歩に行くことを提案した。
suppose,動詞,思う / 仮定する,A,What am I suppose to do?,私は何をすべきなのですか。
survive,動詞,生き残る,A,He survived the cold winter.,彼は厳しい冬を生き延びた。
throw,動詞,投げる,A,Don't throw stones.,石を投げてはいけません。
trade,動詞,貿易する / 交換する,A,Japan trades with many countries.,日本は多くの国と貿易している。
train,動詞,訓練する,A,I am training for the marathon.,私はマラソンのために訓練（練習）している。
translate,動詞,翻訳する,A,Can you translate this into English?,これを英語に訳せますか。
trust,動詞,信頼する,A,You can trust him.,彼は信頼できる。
turn,動詞,回る / 曲がる,A,Please turn off the light.,電気を消してください。
vote,動詞,投票する,A,I'm going to vote for her.,私は彼女に投票するつもりだ。
warn,動詞,警告する,A,He warned me about the dog.,彼は私にその犬について警告した。
waste,動詞,浪費する,A,Don't waste your money.,お金を無駄にしてはいけない。
wipe,動詞,ふく,A,Please wipe the window.,窓を拭いてください。
wish,動詞,願う,A,I wish I could fly.,空を飛べたらいいのになあ。
wonder,動詞,〜かなと思う,A,I wonder why she is crying.,なぜ彼女は泣いているのかな。
wrap,動詞,包む,A,She wrapped the present.,彼女はプレゼントを包んだ。
ability,名詞,能力,A,He has the ability to speak three languages.,彼は3ヶ国語を話す能力があります。
accident,名詞,事故,A,I saw a car accident near the station.,私は駅の近くで自動車事故を見ました。
advantage,名詞,利点,A,Living in a big city has many advantages.,大都市に住むことには多くの利点があります。
advice,名詞,助言,A,My teacher gave me some good advice.,先生は私にいくつか良い助言をくれました。
agency,名詞,代理店,A,I went to a travel agency to book a flight.,私は飛行機を予約するために旅行代理店へ行きました。
amount,名詞,量,A,We need a large amount of water for the garden.,庭には大量の水が必要です。
ancestor,名詞,祖先,A,My ancestors came from Italy long ago.,私の先祖はずっと昔にイタリアから来ました。
announcement,名詞,発表,A,There was an announcement about the train delay.,電車の遅れについての放送（発表）がありました。
approach,名詞,接近 / 方法,A,We need a new approach to solve this problem.,この問題を解決するために新しい方法が必要です。
article,名詞,記事,A,I read an interesting article about space.,私は宇宙に関する面白い記事を読みました。
astronaut,名詞,宇宙飛行士,A,The astronaut traveled to the space station.,その宇宙飛行士は宇宙ステーションへ行きました。
athlete,名詞,運動選手,A,Many athletes are practicing for the Olympics.,多くの選手がオリンピックのために練習しています。
atmosphere,名詞,大気 / 雰囲気,A,The restaurant has a very nice atmosphere.,そのレストランはとても良い雰囲気です。
audience,名詞,観客,A,The audience enjoyed the piano concert.,観客はピアノコンサートを楽しみました。
avenue,名詞,大通り,A,There are many shops along this avenue.,この大通り沿いにはたくさんの店があります。
average,名詞,平均,A,The average score of the test was 70.,テストの平均点は70点でした。
behavior,名詞,行動,A,His behavior at school is always polite.,彼の学校での振る舞いはいつも礼儀正しい。
billion,名詞,10億,A,The world population is over eight billion.,世界の人口は80億人を超えています。
biology,名詞,生物学,A,I am studying biology to learn about plants.,私は植物について学ぶために生物学を勉強しています。
branch,名詞,枝 / 支店,A,The bird is sitting on a tree branch.,鳥が木の枝に止まっています。
broadcast,名詞,放送,A,The soccer game was a live broadcast.,そのサッカーの試合は生放送でした。
capital,名詞,首都 / 資本,A,Paris is the capital of France.,パリはフランスの首都です。
chemistry,名詞,化学,A,We had a chemistry class in the lab today.,今日は実験室で化学の授業がありました。
citizen,名詞,市民,A,Every citizen has the right to vote.,すべての市民には投票する権利があります。
community,名詞,地域社会,A,We should help people in our community.,私たちは地域のコミュニティの人々を助けるべきです。
competition,名詞,競争,A,She won first prize in the speech competition.,彼女はスピーチ大会で1位を取りました。
concentration,名詞,集中,A,Noise makes it hard for my concentration.,騒音のせいで集中するのが難しいです。
condition,名詞,状態 / 条件,A,My car is old but it is in good condition.,私の車は古いですが、状態は良いです。
congratulation,名詞,祝い,A,Congratulations on passing the exam!,試験合格おめでとう！
cost,名詞,費用,A,The cost of travel is increasing.,旅行の費用が増えています。
court,名詞,法廷 / コート,A,We played tennis at the court yesterday.,私たちは昨日テニスコートでテニスをしました。
co-worker,名詞,同僚,A,I went to lunch with my co-workers.,私は同僚たちとランチに行きました。
calculator,名詞,計算機,A,Can I use a calculator for this math test?,この数学のテストで電卓を使ってもいいですか？
damage,名詞,損害,A,The storm caused damage to many houses.,嵐が多くの家に損害を与えました。
debate,名詞,討論,A,We had a debate about school uniforms.,私たちは学校の制服について討論しました。
decrease,名詞,減少,A,There was a decrease in the number of students.,生徒の数に減少が見られました。
degree,名詞,程度 / 学位,A,He got a degree in history last year.,彼は昨年、歴史学の学位を取得しました。
delay,名詞,遅れ,A,I was late because of a train delay.,電車の遅れのせいで遅刻しました。
department,名詞,部門 / 学科,A,She works in the marketing department.,彼女はマーケティング部門で働いています。
detail,名詞,詳細,A,Please explain the plan in more detail.,その計画をより詳細に説明してください。
direction,名詞,方向 / 指示,A,You are going in the wrong direction.,あなたは間違った方向へ行っています。
director,名詞,監督 / 責任者,A,The director told the actors what to do.,監督は俳優たちに何をすべきか伝えました。
disaster,名詞,災害,A,We must prepare for a natural disaster.,私たちは自然災害に備えなければなりません。
discovery,名詞,発見,A,The discovery of fire changed human history.,火の発見は人類の歴史を変えました。
discussion,名詞,議論,A,We had a long discussion about the party.,私たちはパーティーについて長い議論をしました。
disease,名詞,病気,A,Smoking can cause many serious diseases.,喫煙は多くの深刻な病気を引き起こす可能性があります。
education,名詞,教育,A,Education is very important for children.,教育は子供たちにとって非常に重要です。
effect,名詞,効果 / 影響,A,This medicine has a strong effect on me.,この薬は私に強い効果があります。
effort,名詞,努力,A,He made a great effort to win the race.,彼はレースに勝つために多大な努力をしました。
elderly,名詞,高齢者,A,We should be kind to the elderly.,私たちはお年寄りに親切にするべきです。
electronics,名詞,電子工学,A,I bought a new TV at the electronics shop.,私は家電店で新しいテレビを買いました。
emergency,名詞,緊急事態,A,Call 119 in case of an emergency.,緊急の時は119番に電話してください。
employee,名詞,従業員,A,The company has more than 100 employees.,その会社には100人以上の従業員がいます。
equipment,名詞,設備,A,Our school bought new computer equipment.,私たちの学校は新しいコンピュータ設備を買いました。
examination,名詞,試験,A,I have to study hard for the final examination.,私は期末試験のために一生懸命勉強しなければなりません。
exchange,名詞,交換,A,I want to exchange yen for dollars.,私は円をドルに交換したいです。
excuse,名詞,言い訳,A,He made an excuse for being late again.,彼はまた遅刻した言い訳をしました。
exhibit,名詞,展示物,A,The museum has a special exhibit of old coins.,博物館には古い硬貨の特別展示があります。
experience,名詞,経験,A,Traveling is a great experience for me.,旅行は私にとって素晴らしい経験です。
expert,名詞,専門家,A,She is an expert in Japanese history.,彼女は日本史の専門家です。
explorer,名詞,探検家,A,The explorer discovered a new island.,その探検家は新しい島を発見しました。
fare,名詞,運賃,A,How much is the train fare to Tokyo?,東京までの電車の運賃はいくらですか？
fault,名詞,欠点 / 責任,A,It was my fault that we missed the bus.,バスに乗り遅れたのは私の責任でした。
favor,名詞,親切な行為,A,Can you do me a favor and help me?,お願いがあるのですが、手伝ってくれませんか？
feature,名詞,特徴,A,This phone has many useful features.,この電話には多くの便利な機能があります。
fee,名詞,料金,A,The library has no membership fee.,その図書館には会費（登録料）はありません。
figure,名詞,数字 / 姿,A,I saw a dark figure in the garden.,私は庭で黒い影（人影）を見ました。
flow,名詞,流れ,A,The river flow is very fast after the rain.,雨の後、川の流れはとても速いです。
forecast,名詞,予報,A,"According to the forecast, it will rain tomorrow.",予報によると、明日は雨が降るでしょう。
freedom,名詞,自由,A,We have the freedom to choose our jobs.,私たちには仕事を選ぶ自由があります。
furniture,名詞,家具,A,I bought some new furniture for my room.,私は自分の部屋のためにいくつか新しい家具を買いました。
generation,名詞,世代,A,Each generation has different ideas.,それぞれの世代は異なる考えを持っています。
government,名詞,政府,A,The government decided to build a new road.,政府は新しい道路を作ることを決めました。
graduation,名詞,卒業,A,I will study in the UK after graduation.,私は卒業後、イギリスで勉強するつもりです。
harm,名詞,害,A,Too much sugar can do harm to your body.,砂糖の摂りすぎは体に害を及ぼすことがあります。
harmony,名詞,調和,A,We should live in harmony with nature.,私たちは自然と調和して暮らすべきです。
harvest,名詞,収穫,A,The farmers are busy during the harvest.,農家の人たちは収穫の間、忙しいです。
horizon,名詞,地平線,A,The sun is setting below the horizon.,太陽が地平線の下に沈んでいきます。
imagination,名詞,想像,A,You need imagination to write a story.,物語を書くには想像力が必要です。
impression,名詞,印象,A,My first impression of him was very good.,彼に対する私の第一印象はとても良かったです。
influence,名詞,影響,A,Music has a great influence on my life.,音楽は私の人生に大きな影響を与えています。
instance,名詞,例,A,"In this instance, you should wait and see.",この例（場合）では、様子を見るべきです。
instruction,名詞,指示,A,Please follow the teacher's instructions.,先生の指示に従ってください。
invention,名詞,発明,A,The telephone was a great invention.,電話は偉大な発明でした。
invitation,名詞,招待,A,Thank you for the invitation to the party.,パーティーに招待してくれてありがとうございます。
issue,名詞,問題 / 発行,A,Environment is an important issue today.,環境は今日、重要な問題です。
judge,名詞,裁判官,A,The judge decided that he was not guilty.,裁判官は彼が有罪ではないと判断しました。
knowledge,名詞,知識,A,He has a lot of knowledge about cars.,彼は車についてたくさんの知識を持っています。
lack,名詞,不足,A,Lack of exercise is bad for your health.,運動不足は健康に悪いです。
lawyer,名詞,弁護士,A,I want to be a lawyer to help people.,私は人々を助けるために弁護士になりたいです。
lead,名詞,先導,A,Our team is in the lead by two points.,私たちのチームが2点リードしています。
lecture,名詞,講義,A,I listened to a lecture on environmental issues.,私は環境問題についての講義を聴きました。
location,名詞,場所,A,This shop is in a convenient location.,この店は便利な場所にあります。
material,名詞,材料,A,We use natural materials to make clothes.,私たちは服を作るのに天然の材料を使います。
matter,名詞,問題 / 事柄,A,"No matter what happens, I will help you.",何が起ころうとも、私はあなたを助けます。
mayor,名詞,市長,A,The mayor visited our school yesterday.,市長が昨日私たちの学校を訪れました。
measure,名詞,寸法 / 対策,A,We must take measures against global warming.,地球温暖化への対策を講じなければなりません。
mention,名詞,言及,A,There was no mention of the plan in the news.,ニュースでその計画についての言及はありませんでした。
method,名詞,方法,A,This is a simple method for cooking fish.,これは魚を料理する簡単な方法です。
million,名詞,100万,A,There are more than ten million people in Tokyo.,"東京には1,000万人以上の人がいます。"
nationality,名詞,国籍,A,What is your nationality?,あなたの国籍は何ですか？
notice,名詞,通知,A,There is a notice about the holiday on the wall.,壁に休日についての掲示（通知）があります。
objection,名詞,反対,A,I have no objection to your plan.,私はあなたの計画に異存（反対）はありません。
officer,名詞,将校 / 警官,A,The police officer showed me the way.,警察官が道を教えてくれました。
official,名詞,公務員,A,Many officials attended the international meeting.,多くの役人たちが国際会議に出席しました。
operation,名詞,手術 / 操作,A,He is having an operation on his knee today.,彼は今日、膝の手術を受けています。
opinion,名詞,意見,A,Everyone has a different opinion about the movie.,その映画については誰もが異なる意見を持っています。
opportunity,名詞,機会,A,I had an opportunity to study in America.,私はアメリカで勉強する機会がありました。
organization,名詞,組織,A,She works for an international organization.,彼女は国際的な組織で働いています。
origin,名詞,起源,A,Scientists are studying the origin of life.,科学者たちは生命の起源を研究しています。
Pacific,名詞,太平洋,A,Japan is located in the Pacific Ocean.,日本は太平洋に位置しています。
penalty,名詞,刑罰,A,There is a penalty for returning books late.,本の返却が遅れると罰金（ペナルティ）があります。
performance,名詞,上演 / 実績,A,Her piano performance was wonderful.,彼女のピアノの演奏は素晴らしかったです。
phrase,名詞,句,A,This is a common phrase in English.,これは英語でよく使われるフレーズです。
policy,名詞,政策,A,The government changed its energy policy.,政府はエネルギー政策を変更しました。
politician,名詞,政治家,A,Many politicians are talking about the economy.,多くの政治家が経済について話しています。
population,名詞,人口,A,The population of the world is increasing.,世界の人口は増加しています。
position,名詞,位置 / 地位,A,I changed my position to see the stage better.,ステージがよく見えるように位置を変えました。
practice,名詞,練習 / 実践,A,Daily practice is important for playing music.,音楽を演奏するには毎日の練習が重要です。
president,名詞,大統領,A,He became the president of the company.,彼はその会社の社長になりました。
press,名詞,報道機関,A,There were many people from the press.,報道関係の人たちがたくさんいました。
principal,名詞,校長,A,The principal gave a speech at the ceremony.,校長先生が式典でスピーチをしました。
professor,名詞,教授,A,The professor taught us about ancient Rome.,教授は古代ローマについて教えてくれました。
profit,名詞,利益,A,The company made a large profit last year.,その会社は昨年、多額の利益を上げました。
public,名詞,公衆,A,Smoking is not allowed in public places.,公共の場所での喫煙は認められていません。
purpose,名詞,目的,A,The purpose of my visit is to see my friend.,私の訪問の目的は友達に会うことです。
quality,名詞,質,A,This shop sells high quality vegetables.,この店は質の高い野菜を売っています。
rate,名詞,割合,A,The unemployment rate is decreasing.,失業率が低下しています。
reaction,名詞,反応,A,Her reaction to the news was a big surprise.,そのニュースに対する彼女の反応は大変な驚きでした。
relation,名詞,関係,A,Japan has a good relation with that country.,日本はその国と良好な関係にあります。
release,名詞,解放,A,The singer's new album release is next week.,その歌手の新しいアルバム発売（リリース）は来週です。
rental,名詞,賃貸,A,I used a rental car during my vacation.,休暇中、レンタカーを利用しました。
repair,名詞,修理,A,My computer is broken and needs repair.,コンピュータが壊れたので修理が必要です。
report,名詞,報告,A,I have to finish my science report by Friday.,金曜日までに理科のレポートを終わらせなければなりません。
request,名詞,要請,A,I received a request for help from them.,彼らから助けを求める要請を受けました。
researcher,名詞,研究者,A,The researcher is studying a new medicine.,研究者が新しい薬を研究しています。
reservation,名詞,予約,A,I made a reservation at the restaurant.,私はそのレストランを予約しました。
reserve,名詞,蓄え / 予約,A,We have a reserve of water for emergencies.,私たちは緊急時のための水の蓄えがあります。
residence,名詞,住宅,A,This building is a private residence.,この建物は個人の住宅です。
respect,名詞,尊敬,A,I have a lot of respect for my parents.,私は両親をとても尊敬しています。
result,名詞,結果,A,I was happy with the result of the game.,私は試合の結果に満足しました。
risk,名詞,危険,A,There is a risk of fire in dry weather.,乾燥した天気では火災の危険があります。
scenery,名詞,景色,A,We enjoyed the beautiful mountain scenery.,私たちは美しい山の景色を楽しみました。
sense,名詞,感覚,A,A dog has a very good sense of smell.,犬はとても優れた嗅覚を持っています。
shelter,名詞,避難所,A,People went to the shelter during the storm.,嵐の間、人々は避難所へ行きました。
state,名詞,状態 / 州,A,New York is a state in the USA.,ニューヨークはアメリカの一つの州です。
statement,名詞,声明,A,The company made a statement about the problem.,会社はその問題について声明を出しました。
strength,名詞,強さ,A,He doesn't have enough strength to carry this.,彼はこれを運ぶのに十分な力がありません。
stretch,名詞,伸張,A,Doing a stretch before exercise is good.,運動前にストレッチをするのは良いことです。
success,名詞,成功,A,The party was a great success.,パーティーは大成功でした。
summary,名詞,要約,A,Please write a short summary of this book.,この本の短い要約を書いてください。
supply,名詞,供給,A,The city has a good supply of fresh water.,その市は真水の供給が十分です。
support,名詞,支持,A,Thank you for your support during the test.,試験の間のあなたのサポートに感謝します。
surface,名詞,表面,A,The surface of the table is very smooth.,テーブルの表面はとても滑らかです。
survey,名詞,調査,A,A survey showed that many people like cats.,調査によると、多くの人が猫を好きだと分かりました。
task,名詞,仕事,A,My first task today is to clean the office.,今日の私の最初の仕事はオフィスを掃除することです。
technology,名詞,技術,A,Technology is changing our lives quickly.,テクノロジーは私たちの生活を急速に変えています。
temperature,名詞,温度,A,The temperature will be very high today.,今日は気温がとても高くなるでしょう。
trade,名詞,貿易,A,Trade between the two countries is increasing.,2国間の貿易が増えています。
tradition,名詞,伝統,A,It is a tradition to eat special food on New Year.,お正月に特別な食べ物を食べるのは伝統です。
traffic,名詞,交通,A,There is heavy traffic on this road today.,今日はこの道路の交通量が非常に多いです。
treatment,名詞,治療,A,He is receiving medical treatment at the hospital.,彼は病院で治療を受けています。
trend,名詞,傾向,A,There is a trend toward buying smaller cars.,より小さな車を買う傾向があります。
trick,名詞,計略 / いたずら,A,He showed us a funny card trick.,彼は私たちに面白いカードマジック（手品）を見せました。
value,名詞,価値,A,This old coin has a very high value.,この古い硬貨にはとても高い価値があります。
view,名詞,眺め / 意見,A,We had a beautiful view of the sea from the room.,部屋からは海の美しい眺めが見えました。
volume,名詞,音量 / 巻,A,Please turn down the volume of the radio.,ラジオの音量を下げてください。
vote,名詞,投票,A,I will cast my vote in the election tomorrow.,明日の選挙で投票するつもりです。
waste,名詞,廃棄物 / 無駄,A,Throwing away food is a waste of money.,食べ物を捨てるのはお金の無駄です。
wealth,名詞,富,A,Health is more important than wealth.,健康は富よりも大切です。
abroad,形容詞・副詞,外国へ、海外で,A,I want to study abroad in the future.,私は将来、留学したいです。
absent,形容詞・副詞,欠席して,A,He was absent from school yesterday.,彼は昨日、学校を欠席しました。
actually,形容詞・副詞,実際は、実は,A,"Actually, I have never been to Kyoto.",実は、私は京都に行ったことがありません。
additional,形容詞・副詞,追加の,A,You need to pay an additional fee.,追加料金を支払う必要があります。
afterward,形容詞・副詞,あとで,A,We had lunch and went to the park afterward.,私たちは昼食を食べ、その後公園に行きました。
alike,形容詞・副詞,似ている,A,The two brothers look very much alike.,その2人の兄弟はとてもよく似ています。
alive,形容詞・副詞,生きている,A,The fish was still alive when I caught it.,私が捕まえた時、その魚はまだ生きていました。
ancient,形容詞・副詞,古代の,A,We visited an ancient castle in Nara.,私たちは奈良にある古代の城を訪れました。
anymore,形容詞・副詞,（打ち消し文で）もはや〜ない,A,I don't drink coffee anymore.,私はもうコーヒーを飲みません。
anytime,形容詞・副詞,いつでも,A,You can call me anytime you want.,いつでも好きな時に電話してください。
anyway,形容詞・副詞,とにかく,A,"It was raining, but I went out anyway.",雨が降っていましたが、とにかく外出しました。
anywhere,形容詞・副詞,どこでも,A,You can sit anywhere you like.,好きな場所に座っていいですよ。
asleep,形容詞・副詞,眠って,A,The baby is fast asleep in the bed.,赤ちゃんはベッドでぐっすり眠っています。
available,形容詞・副詞,利用可能な,A,Is this seat available?,この席は空いていますか？
awake,形容詞・副詞,目を覚まして,A,I was awake until midnight last night.,私は昨夜、夜中まで起きていました。
awful,形容詞・副詞,ひどい,A,The weather was awful during our trip.,旅行中の天気はひどいものでした。
basic,形容詞・副詞,基礎的な,A,Learning grammar is a basic part of English.,文法を学ぶことは、英語の基礎的な部分です。
besides,形容詞・副詞,〜のほかに,A,"Besides English, she can speak French.",英語のほかに、彼女はフランス語も話せます。
beyond,形容詞・副詞,〜を越えて,A,The mountain is beyond that river.,その山はあの川の向こうにあります。
brave,形容詞・副詞,勇敢な,A,It was brave of him to say no.,「いいえ」と言った彼は勇敢でした。
calm,形容詞・副詞,穏やかな,A,Please stay calm and wait here.,落ち着いてここで待ってください。
careless,形容詞・副詞,不注意な,A,He made a careless mistake on the test.,彼はテストで不注意な間違いをしました。
certain,形容詞・副詞,確信して、ある〜,A,I am certain that he will come.,彼は来ると確信しています。
chemical,形容詞・副詞,化学の,A,We should not use harmful chemicals.,有害な化学物質を使うべきではありません。
common,形容詞・副詞,一般的な、共通の,A,Cold is a common illness in winter.,風邪は冬によくある病気です。
confident,形容詞・副詞,自信がある,A,I am confident about the match.,私はその試合に自信があります。
convenient,形容詞・副詞,便利な,A,Computers are very convenient for work.,コンピュータは仕事にとても便利です。
correct,形容詞・副詞,正しい,A,Your answer is correct.,あなたの答えは正しいです。
crowded,形容詞・副詞,混雑した,A,The train was very crowded this morning.,今朝、電車はとても混んでいました。
curious,形容詞・副詞,好奇心が強い,A,He is curious about everything.,彼は何にでも好奇心を持っています。
dead,形容詞・副詞,死んでいる,A,My grandfather has been dead for ten years.,祖父が亡くなって10年になります。
delicate,形容詞・副詞,繊細な,A,"This glass is very delicate, so be careful.",このグラスはとても壊れやすいので注意してください。
dental,形容詞・副詞,歯の,A,I have a dental appointment at three.,3時に歯医者の予約があります。
downtown,形容詞・副詞,繁華街へ,A,I am going downtown to go shopping.,買い物に街へ（繁華街へ）行きます。
elderly,形容詞・副詞,お年寄りの,A,We should be kind to elderly people.,お年寄りには親切にするべきです。
elementary,形容詞・副詞,初歩の,A,I learned English in elementary school.,私は小学校で英語を習いました。
else,形容詞・副詞,他に,A,Do you need anything else?,他に何か必要ですか？
empty,形容詞・副詞,空の,A,This box is empty.,この箱は空です。
equal,形容詞・副詞,等しい,A,Everyone should have equal chances.,誰もが平等な機会を持つべきです。
especially,形容詞・副詞,特に,A,"I like fruits, especially apples.",私は果物、特にリンゴが好きです。
eventually,形容詞・副詞,結局は,A,He worked hard and eventually succeeded.,彼は一生懸命働き、最後には成功しました。
exact,形容詞・副詞,正確な,A,Tell me the exact time of the meeting.,会議の正確な時間を教えてください。
excellent,形容詞・副詞,優秀な,A,This is an excellent idea.,これは素晴らしいアイデアです。
expensive,形容詞・副詞,高価な,A,This car is too expensive for me.,この車は私には高すぎます。
extra,形容詞・副詞,余分の,A,I need some extra time to finish it.,それを終えるのに少し余分な時間が必要です。
extremely,形容詞・副詞,非常に,A,It is extremely cold outside today.,今日は外は極めて寒いです。
fair,形容詞・副詞,公平な,A,That is not a fair rule.,それは公平なルールではありません。
familiar,形容詞・副詞,よく知られた,A,Her face looks familiar to me.,彼女の顔には見覚えがあります。
female,形容詞・副詞,女性の,A,The female lion is hunting now.,メスのライオンがいま狩りをしています。
flat,形容詞・副詞,平らな,A,Holland is a very flat country.,オランダはとても平らな国です。
following,形容詞・副詞,次の,A,Please answer the following questions.,次の質問に答えてください。
foolish,形容詞・副詞,愚かな,A,Don't be so foolish.,そんな馬鹿なことはしないで。
foreign,形容詞・副詞,外国の,A,I want to visit many foreign countries.,私は多くの外国を訪れたいです。
forever,形容詞・副詞,永遠に,A,I will remember this day forever.,私はこの日を一生忘れません。
forward,形容詞・副詞,前へ,A,Please take one step forward.,前に一歩進んでください。
further,形容詞・副詞,さらなる,A,Do you have any further questions?,さらに何か質問はありますか？
gradually,形容詞・副詞,徐々に,A,The weather is gradually getting warmer.,天気は徐々に暖かくなってきています。
hardly,形容詞・副詞,ほとんど〜ない,A,I could hardly hear his voice.,彼の声がほとんど聞こえませんでした。
harmful,形容詞・副詞,有害な,A,Smoking is harmful to your health.,喫煙は健康に有害です。
hidden,形容詞・副詞,隠された,A,He found a hidden treasure in the cave.,彼は洞窟で隠された宝を見つけました。
honest,形容詞・副詞,正直な,A,"To be honest, I don't like this cake.",正直に言うと、このケーキは好きではありません。
honorable,形容詞・副詞,尊敬すべき,A,Teaching is an honorable job.,教師は尊敬すべき仕事です。
hopefully,形容詞・副詞,願わくば,A,"Hopefully, it will be sunny tomorrow.",願わくば、明日は晴れてほしい。
huge,形容詞・副詞,巨大な,A,I saw a huge elephant at the zoo.,私は動物園で巨大なゾウを見ました。
ill,形容詞・副詞,病気の,A,My mother has been ill in bed.,母は病気で寝込んでいます。
immediately,形容詞・副詞,すぐに,A,Please call me immediately.,すぐに電話をください。
independent,形容詞・副詞,独立した,A,I want to be independent from my parents.,私は親から自立したいです。
indoors,形容詞・副詞,屋内で,A,"It's raining, so let's play indoors.",雨が降っているので、室内で遊びましょう。
instant,形容詞・副詞,即座の,A,I need an instant answer.,即答（即座の答え）が必要です。
instead,形容詞・副詞,代わりに,A,I will go instead of my brother.,兄の代わりに私が行きます。
lately,形容詞・副詞,最近,A,I haven't seen her lately.,最近、彼女に会っていません。
likely,形容詞・副詞,ありそうな,A,It is likely to rain tonight.,今夜は雨が降りそうです。
liquid,形容詞・副詞,液体の,A,Water is a liquid.,水は液体です。
lonely,形容詞・副詞,孤独な,A,I felt lonely living alone.,一人暮らしで寂しく感じました。
loud,形容詞・副詞,（声が）大きい,A,Don't talk in such a loud voice.,そんな大きな声で話さないでください。
mad,形容詞・副詞,怒って,A,My father was mad at me.,父は私に怒っていました。
male,形容詞・副詞,男性の,A,There are ten male workers here.,ここには10人の男性労働者がいます。
manual,形容詞・副詞,手動の、手引書,A,Does this car have manual windows?,この車は手動の窓ですか？
medical,形容詞・副詞,医学の,A,He is a medical student.,彼は医学生です。
narrow,形容詞・副詞,狭い,A,The road is too narrow for buses.,その道はバスには狭すぎます。
narrow,形容詞・副詞,狭い,A,The road was too narrow for the bus to pass.,その道はバスが通るには狭すぎました。
native,形容詞・副詞,母国の,A,My native language is Japanese.,私の母国語は日本語です。
natural,形容詞・副詞,自然の、当然の,A,It is natural to feel tired.,疲れるのは当然のことです。
nearby,形容詞・副詞,近くの,A,Let's have lunch at a nearby cafe.,近くのカフェで昼食を食べましょう。
negative,形容詞・副詞,否定的な,A,Don't have a negative opinion.,否定的な意見を持たないで。
neither,形容詞・副詞,どちらも〜ない,A,Neither of them came to the party.,彼らのどちらもパーティーに来ませんでした。
nervous,形容詞・副詞,緊張して,A,I was nervous before the speech.,スピーチの前、私は緊張していました。
nowadays,形容詞・副詞,近頃,A,"Nowadays, many people use smartphones.",近頃、多くの人がスマホを使っています。
opposite,形容詞・副詞,反対の,A,My school is on the opposite side of the street.,私の学校は通りの反対側にあります。
ordinary,形容詞・副詞,普通の,A,It was just an ordinary day.,それはただの普通の日でした。
pacific,形容詞・副詞,穏やかな,A,The Pacific Ocean is very large.,太平洋はとても広大です。
particular,形容詞・副詞,特定の,A,I have no particular plan today.,今日は特に（特定の）予定はありません。
perhaps,形容詞・副詞,もしかすると,A,Perhaps he will change his mind.,もしかすると彼は考えを変えるかもしれません。
personal,形容詞・副詞,個人の,A,This is a personal problem.,これは個人の問題です。
pleasant,形容詞・副詞,楽しい、心地よい,A,We had a pleasant time at the party.,パーティーで楽しい時間を過ごしました。
polite,形容詞・副詞,礼儀正しい,A,He is always polite to everyone.,彼はいつも誰に対しても礼儀正しいです。
possible,形容詞・副詞,可能な,A,It is possible to finish it today.,今日中にそれを終えることは可能です。
probably,形容詞・副詞,おそらく,A,I will probably stay home tomorrow.,私はたぶん明日は家にいます。
professional,形容詞・副詞,プロの,A,My dream is to be a professional golfer.,私の夢はプロゴルファーになることです。
quite,形容詞・副詞,かなり、全く,A,The movie was quite interesting.,その映画はかなり面白かったです。
rarely,形容詞・副詞,めったに〜ない,A,I rarely eat fast food.,私はめったにファストフードを食べません。
rather,形容詞・副詞,むしろ、かなり,A,I would rather stay here.,私はむしろここにいたいです。
raw,形容詞・副詞,生の,A,Do you like eating raw fish?,あなたは生魚を食べるのが好きですか？
real,形容詞・副詞,本物の,A,Is that a real flower?,あれは本物の花ですか？
recent,形容詞・副詞,最近の,A,Have you heard any recent news?,何か最近のニュースを聞きましたか？
regular,形容詞・副詞,規則的な,A,You should get regular exercise.,定期的に運動すべきです。
Russian,形容詞・副詞,ロシアの,A,She is studying Russian history.,彼女はロシアの歴史を勉強しています。
scary,形容詞・副詞,怖い,A,I don't like scary stories.,私は怖い話が好きではありません。
secret,形容詞・副詞,秘密の,A,I will tell you a secret place.,秘密の場所を教えてあげましょう。
seldom,形容詞・副詞,めったに〜ない,A,My father seldom watches TV.,父はめったにテレビを見ません。
serious,形容詞・副詞,重大な、真面目な,A,Global warming is a serious problem.,地球温暖化は深刻な問題です。
several,形容詞・副詞,いくつかの,A,I have been there several times.,私はそこに数回行ったことがあります。
shortly,形容詞・副詞,まもなく,A,The train will arrive shortly.,電車はまもなく到着します。
shy,形容詞・副詞,内気な,A,She is very shy with strangers.,彼女は知らない人の前ではとても内気です。
similar,形容詞・副詞,似ている,A,My bag is similar to yours.,私のバッグはあなたのと似ています。
sincerely,形容詞・副詞,心から,A,I sincerely thank you for your help.,助けていただき心から感謝します。
somewhere,形容詞・副詞,どこかに,A,I lost my key somewhere.,どこかで鍵をなくしました。
specific,形容詞・副詞,具体的な,A,Can you give me a specific example?,具体的な例を挙げてくれますか？
spicy,形容詞・副詞,辛い,A,Thai food is often very spicy.,タイ料理はしばしばとても辛いです。
straight,形容詞・副詞,まっすぐな,A,Go straight down this street.,この道をまっすぐ行ってください。
stressful,形容詞・副詞,ストレスの多い,A,Living in a big city can be stressful.,大都市での生活はストレスがたまることがあります。
successful,形容詞・副詞,成功した,A,He is a successful singer.,彼は成功した歌手です。
suddenly,形容詞・副詞,突然,A,"Suddenly, the light went out.",突然、電気が消えました。
suitable,形容詞・副詞,適した,A,This movie is suitable for children.,この映画は子供に適しています。
terrible,形容詞・副詞,ひどい,A,I had a terrible dream last night.,昨夜はひどい夢を見ました。
therefore,形容詞・副詞,それゆえに,A,"I was ill, and therefore I was absent.",私は病気でした、それゆえ欠席しました。
thick,形容詞・副詞,厚い,A,I bought a thick dictionary.,私は厚い辞書を買いました。
thin,形容詞・副詞,薄い、痩せた,A,He has thin legs.,彼は足が細いです。
tight,形容詞・副詞,きつい,A,These shoes are a little tight.,この靴は少しきついです。
tough,形容詞・副詞,困難な、丈夫な,A,"It was a tough game, but we won.",苦しい試合でしたが、勝ちました。
traditional,形容詞・副詞,伝統的な,A,We like traditional Japanese food.,私たちは伝統的な日本料理が好きです。
typical,形容詞・副詞,典型的な,A,This is a typical British house.,これは典型的なイギリスの家です。
unfortunately,形容詞・副詞,あいにく,A,"Unfortunately, I can't go with you.",あいにくですが、一緒に行けません。
unfriendly,形容詞・副詞,不親切な,A,The waiter was very unfriendly.,その店員はとても不親切でした。
unlike,形容詞・副詞,〜と違って,A,"Unlike my sister, I like sports.",姉と違って、私はスポーツが好きです。
unusual,形容詞・副詞,珍しい,A,It is unusual to see snow here.,ここで雪を見るのは珍しいです。
upstairs,形容詞・副詞,2階へ,A,My bedroom is upstairs.,私の寝室は2階にあります。
valuable,形容詞・副詞,貴重な,A,Time is more valuable than money.,時間はお金より貴重です。
various,形容詞・副詞,さまざまな,A,I like various kinds of music.,私はさまざまな種類の音楽が好きです。
violent,形容詞・副詞,暴力的な,A,We should not watch violent scenes.,暴力的なシーンを見るべきではありません。
wealthy,形容詞・副詞,裕福な,A,He grew up in a wealthy family.,彼は裕福な家庭で育ちました。
well-known,形容詞・副詞,よく知られた,A,He is a well-known actor in Japan.,彼は日本でよく知られた俳優です。
whatever,形容詞・副詞,〜するものは何でも,A,You can order whatever you like.,好きなものを何でも注文していいですよ。
whenever,形容詞・副詞,〜する時はいつでも,A,Come and see me whenever you can.,できる時はいつでも会いに来てください。
whole,形容詞・副詞,全体の,A,I spent the whole day reading.,私は一日中（丸一日）読書をして過ごしました。
wild,形容詞・副詞,野生の,A,There are many wild birds in this forest.,この森には多くの野鳥がいます。
within,形容詞・副詞,〜以内で,A,You must finish it within an hour.,1時間以内にそれを終えなければなりません。
wooden,形容詞・副詞,木製の,A,They are sitting on a wooden bench.,彼らは木製のベンチに座っています。
worth,形容詞・副詞,〜の価値がある,A,This museum is worth visiting.,この美術館は訪れる価値があります。
yet,形容詞・副詞,もう、まだ,A,Has the bus arrived yet?,バスはもう到着しましたか？
